{"cameraMode":{"drawMode":0,"name":"Shaded","section":"Shading Mode"},"sceneLighting":false,"audioPlay":false,"sceneViewState":{"m_AlwaysRefresh":false,"showFog":true,"showSkybox":false,"showFlares":true,"showImageEffects":true,"showParticleSystems":true,"showVisualEffectGraphs":true,"m_FxEnabled":true},"in2DMode":false,"pivot":{"x":-0.032225966453552249,"y":0.1125802993774414,"z":0.21078088879585267},"rotation":{"x":0.16323162615299226,"y":-0.5208323001861572,"z":0.10222529619932175,"w":0.8316542506217957},"size":3.033419132232666,"orthographic":false}