{"cameraMode":{"drawMode":0,"name":"Shaded","section":"Shading Mode"},"sceneLighting":false,"audioPlay":false,"sceneViewState":{"m_AlwaysRefresh":false,"showFog":true,"showSkybox":false,"showFlares":true,"showImageEffects":true,"showParticleSystems":true,"showVisualEffectGraphs":true,"m_FxEnabled":true},"in2DMode":false,"pivot":{"x":-1.0413475036621094,"y":1.2292604446411133,"z":0.013369560241699219},"rotation":{"x":-0.053661733865737918,"y":0.010479753836989403,"z":0.0005630578962154686,"w":0.9985063672065735},"size":10.896397590637207,"orthographic":false}