{"cameraMode":{"drawMode":0,"name":"Shaded","section":"Shading Mode"},"sceneLighting":false,"audioPlay":false,"sceneViewState":{"m_AlwaysRefresh":false,"showFog":true,"showSkybox":false,"showFlares":true,"showImageEffects":true,"showParticleSystems":true,"showVisualEffectGraphs":true,"m_FxEnabled":true},"in2DMode":false,"pivot":{"x":-0.000015424817320308648,"y":-0.0000058500299928709868,"z":-0.00001311489540967159},"rotation":{"x":0.08120493590831757,"y":-0.019439587369561197,"z":0.0015833009965717793,"w":0.9965092539787293},"size":1.1795508861541749,"orthographic":false}